,
the
.
and
to
-
a
it
she
i
of
said
!
you
alice
in
was
that
as
her
:
t
at
?
s
;
on
all
with
had
but
for
they
so
be
not
very
what
this
little
he
out
is
one
down
up
there
if
his
then
about
no
them
know
like
were
would
went
again
herself
do
have
when
or
could
thought
queen
off
time
how
me
into
see
well
did
m
can
king
who
your
don
now
by
began
my
turtle
its
ll
an
)
way
hatter
quite
mock
gryphon
are
think
just
their
(
much
say
some
first
here
head
go
only
rabbit
which
thing
more
never
voice
get
come
oh
looked
got
ve
must
mouse
after
him
duchess
such
round
over
why
came
other
two
tone
dormouse
great
any
back
before
re
been
cat
from
nothing
once
we
march
large
will
last
found
right
tell
looking
moment
put
things
long
hare
made
white
next
door
heard
day
eyes
dear
look
d
replied
might
three
seemed
going
make
good
should
poor
caterpillar
without
too
upon
won
course
shall
rather
soon
away
while
yet
took
than
same
sure
felt
half
added
getting
take
another
let
jury
words
wish
hand
ever
find
minute
till
anything
sort
however
cried
feet
tried
even
please
curious
being
old
use
wonder
house
end
tea
eat
table
enough
something
soup
court
spoke
perhaps
talking
question
side
sat
asked
ran
under
am
bit
turned
high
garden
indeed
hastily
doesn
bill
seen
near
idea
air
saying
low
knew
because
face
gave
speak
done
called
where
arm
beginning
hear
itself
ought
saw
through
didn
dinah
remember
trying
certainly
left
anxiously
set
everything
change
these
sea
suppose
talk
us
better
silence
both
footman
baby
mad
suddenly
close
wouldn
still
yes
people
cats
behind
begin
really
size
game
grow
far
kept
used
always
dodo
whole
room
gone
may
beautiful
cook
dance
many
among
else
afraid
every
finished
best
hardly
life
deal
give
queer
try
hands
turning
pigeon
majesty
book
mind
whether
hurried
though
glad
ask
hurry
read
waited
minutes
child
makes
growing
gloves
thinking
nearly
wasn
keep
turn
sitting
having
own
either
lessons
heads
word
name
sight
walked
glass
small
opened
those
bottle
children
hold
tears
box
foot
yourself
pool
fan
mine
offended
birds
creatures
explain
rest
trial
mean
mouth
repeated
remarked
remark
pig
soldiers
witness
sister
coming
couldn
answer
matter
hall
key
rate
few
waiting
leave
against
want
help
different
tail
conversation
party
continued
believe
call
angrily
shook
does
least
reason
together
shouted
timidly
serpent
puzzled
butter
interrupted
knave
join
feel
making
watch
slowly
happen
noticed
top
four
opportunity
distance
seem
dry
bright
fact
followed
croquet
lying
work
ready
hard
changed
five
live
play
hadn
william
beg
our
eagerly
sit
meaning
running
everybody
exactly
nobody
window
place
appeared
wood
each
mushroom
haven
most
nose
tree
fish
asleep
hearts
twinkle
gardeners
moral
whiting
slates
adventures
tired
hot
pocket
world
deep
somebody
fall
listen
fancy
manage
begun
dream
middle
wondering
golden
open
larger
happened
neck
drink
feeling
generally
eye
surprised
shoes
myself
kind
nonsense
sir
hair
goes
repeat
learn
frightened
chin
history
fetch
lory
important
has
story
others
stood
grown
business
trees
puppy
isn
draw
silent
ground
pepper
cheshire
pleased
song
bread
treacle
hedgehog
lobsters
soo
oop
stupid
trouble
late
fell
nice
written
leaves
jumped
roof
inches
along
marked
forgotten
almost
ten
english
shan
stop
himself
times
seven
grin
o
understand
sentence
pardon
trembling
subject
politely
melancholy
liked
chorus
piece
executed
broken
chimney
full
write
loud
sharp
lizard
guinea
pigs
arms
father
stand
youth
sleep
sneezing
between
told
ear
wow
dreadfully
writing
sing
exclaimed
executioner
school
lobster
e
tarts
evidence
twice
sleepy
across
curiosity
passed
home
likely
aloud
walk
new
asking
night
sometimes
walking
ears
sadly
shut
simple
cut
finger
nervous
altogether
remembered
happens
pair
nine
until
kid
dropped
usual
morning
ah
wrong
sounded
strange
seems
stay
sudden
water
case
number
swam
nearer
speaking
shrill
angry
crowded
means
notice
race
prizes
dare
confusion
reply
finish
impatiently
sighed
temper
young
moved
swim
doing
direction
interesting
become
shouldn
taking
shriek
drew
sky
instantly
surprise
height
quietly
hookah
man
often
eggs
meant
waving
clock
faces
procession
rule
pack
knee
whispered
flamingo
tis
evening
unimportant
pictures
worth
natural
hole
sides
fear
managed
true
fallen
earth
several
sound
girl
miss
mice
catch
bats
passage
corner
except
tiny
alas
second
led
shoulders
paper
taught
deeply
ventured
reach
sharply
severely
fond
person
care
boots
savage
violently
age
mabel
besides
puzzling
twelve
capital
alone
shrinking
escape
digging
french
fire
paws
says
pale
shore
animals
duck
uncomfortable
argument
wanted
frowning
solemnly
pointing
confused
thimble
short
bowed
judge
breath
tongue
particular
since
vanished
mary
ann
run
chance
ordered
answered
outside
yer
honour
sounds
hearing
slate
master
fellow
thank
dead
doubt
lay
crowd
held
plan
difficulty
stick
grass
perfectly
none
questions
stuff
decidedly
thoughtfully
green
screamed
indignantly
taken
lives
otherwise
dish
days
kitchen
jumping
carried
hours
busily
beat
verse
creature
grunted
less
fast
crumbs
shoulder
twinkling
sigh
bottom
begins
rose
consider
arches
players
hers
sobs
porpoise
mouths
beau
ootiful
jurors
verdict
officers
suppressed
jurymen
verses
wonderland
bank
peeped
reading
considering
nor
dark
filled
past
stairs
miles
somewhere
knowledge
grand
funny
listening
ma
hope
bat
hurt
lost
whiskers
longer
hanging
delight
telescope
impossible
hoping
rules
poison
red
knife
certain
later
finding
further
candle
decided
possibly
legs
bring
cake
smaller
holding
remained
expecting
dull
opening
dears
directions
love
cry
pattering
muttering
timid
yesterday
sorts
twenty
doth
crossed
hoarse
spread
gently
putting
guess
cause
worse
slipped
general
notion
lesson
show
washing
nurse
dogs
dog
throw
passion
eaglet
fur
cross
sulky
allow
frog
crown
move
pressed
voices
handed
gravely
speech
cheered
grave
simply
solemn
noise
choked
whisper
sad
tale
sighing
fury
met
attending
pleaded
easily
joined
pity
crab
venture
carefully
remarking
suit
mentioned
guessed
hunting
mistake
plate
knocking
real
floor
effect
elbow
whatever
stopped
forgetting
crash
pat
em
below
kick
above
sense
moving
cakes
paw
hungry
picked
edge
immediately
folded
present
confusing
brought
remarks
pray
free
shaking
succeeded
serpents
girls
tasted
yours
settled
pieces
nibbling
bringing
livery
considered
loudly
letter
order
staring
howling
instance
repeating
nursing
courage
grinned
growl
faster
advantage
boy
tossing
caught
shaped
proper
sobbing
instead
civil
fun
breathe
cautiously
music
fly
lady
lived
upset
muchness
roses
beheaded
watching
checked
themselves
eager
guests
cards
needn
unfortunate
hush
execution
hedgehogs
tucked
turns
alive
friend
anxious
mustard
tortoise
drawling
week
quadrille
advance
figure
toes
mark
snail
tails
obliged
follows
around
owl
panther
pie
trumpet
spectacles
teacup
wrote
list
fit
conversations
pleasure
picking
remarkable
afterwards
occurred
waistcoat
started
hedge
straight
dipped
falling
plenty
cupboards
shelves
jar
tumbling
thousand
learnt
showing
latitude
longitude
presently
milk
earnestly
thump
wind
row
doors
legged
locks
longed
beds
flowers
cool
fountains
shutting
label
beautifully
wise
wild
beasts
unpleasant
friends
burn
usually
sooner
taste
mixed
brightened
lovely
crying
playing
curiouser
forgot
bye
_i_
sending
presents
struck
ashamed
trotting
ringlets
knows
six
paris
rome
lap
neatly
claws
smiling
jaws
rapidly
narrow
declare
bad
salt
railway
conclusion
wherever
splashing
swimming
wink
conqueror
clear
ago
fright
animal
feelings
quiet
purring
nicely
catching
brown
dinner
belongs
useful
sorrowful
hate
assembled
wet
older
knowing
authority
ring
whose
edwin
morcar
earls
mercia
northumbria
ugh
proceed
archbishop
advisable
hurriedly
meet
offer
smile
caucus
easy
hour
panting
forehead
position
comfits
luckily
absurd
caused
law
wasting
humbly
bend
knot
bird
sensation
throat
lonely
footsteps
ferrets
nowhere
quick
messages
directly
ordering
drunk
stoop
curled
unhappy
fancied
woman
books
trembled
proved
snatch
concluded
cucumber
apples
goose
bear
feeble
squeaking
comes
barrowful
shower
pebbles
rattling
hit
delighted
giving
rush
safe
wandered
excellent
smallest
bark
stretching
coaxing
thistle
stretched
tiptoe
smoking
addressed
encouraging
contemptuously
anger
unfolded
busy
somersault
sell
weak
lasted
eel
clever
changing
wretched
patiently
chose
yawned
merely
taller
shorter
difficult
broke
nibbled
violent
blow
lefthand
alarm
follow
distant
wandering
beating
roots
doubtfully
changes
telling
matters
entangled
branches
invitation
laughed
secondly
inside
extraordinary
within
constant
maybe
dreadful
muttered
drive
leaning
stirring
cauldron
pause
sneeze
introduce
throwing
plates
dishes
already
takes
hint
singing
line
sneezes
sang
thoroughly
threw
missed
twist
also
extremely
neither
ugly
startled
explanation
denied
invited
became
appear
raving
giddy
ending
raised
front
using
cushion
resting
wine
laid
wants
personal
rude
wide
riddles
break
month
uneasily
meekly
cup
tells
year
spoon
concert
pinch
wash
yawning
wake
pinched
sisters
names
ill
living
triumphantly
sh
sulkily
learning
interrupting
rubbing
manner
closed
flower
painting
flat
carrying
courtiers
ornamented
royal
mostly
crimson
doubtful
lie
smiled
fine
scream
places
flamingoes
body
laughing
unrolled
quarrelling
stamping
shouting
dispute
removed
fight
collected
unless
entirely
disappeared
wildly
tempered
sugar
forget
hasn
tut
keeping
experiment
bite
agree
imagine
choice
custody
executions
sun
watched
heart
sorrow
heavy
proud
relief
regular
uglification
mystery
recovered
delightful
turtles
dancing
treading
kindly
dinn
thoughts
part
editions
tones
persisted
cares
pennyworth
scroll
parchment
wig
pencil
quickly
blew
blasts
summer
sent
fashion
singers
deny
miserable
examine
undertone
goldfish
accident
note
mile
prisoner
directed
signed
proves
returned
atom
wonderful
teacups
lewis
carroll
millennium
fulcrum
edition
3
0
daisy
chain
daisies
pink
wondered
actually
flashed
burning
field
fortunately
pop
tunnel
stopping
maps
hung
pegs
labelled
orange
marmalade
disappointment
empty
drop
killing
brave
centre
schoolroom
practice
downward
antipathies
country
zealand
australia
curtsey
curtseying
ignorant
saucer
dreamy
dozing
truth
heap
sticks
overhead
hurrying
lit
lamps
locked
solid
belong
curtain
fifteen
lock
fitted
rat
knelt
loveliest
wander
doorway
lately
telescopes
printed
letters
histories
burnt
eaten
poker
bleeds
disagree
flavour
cherry
tart
custard
pine
apple
roast
turkey
toffee
buttered
toast
shrink
flame
blown
plainly
climb
slippery
advise
advice
seldom
scolded
cheated
pretending
pretend
respectable
currants
creep
ate
eats
common
largest
stockings
able
christmas
planning
carrier
odd
esq
hearthrug
fender
hopeless
shedding
gallons
reaching
dried
returning
splendidly
dressed
desperate
skurried
darkness
fanning
puzzle
ada
thirteen
multiplication
signify
geography
london
crocodile
improve
shining
pour
waters
nile
scale
cheerfully
welcome
fishes
poky
toys
burst
measure
avoid
existence
speed
splash
somehow
seaside
coast
bathing
machines
sand
wooden
spades
lodging
houses
station
wept
punished
drowned
walrus
hippopotamus
harm
brother
latin
grammar
inquisitively
daresay
ou
est
chatte
leap
quiver
passionate
soothing
lazily
sits
licking
soft
bristling
family
hated
nasty
vulgar
eyed
terrier
curly
farmer
hundred
pounds
kills
rats
commotion
softly
draggled
feathers
clinging
dripping
consultation
familiarly
known
positively
refused
fixed
cold
ahem
driest
favoured
pope
submitted
leaders
accustomed
usurpation
conquest
shiver
declared
stigand
patriotic
canterbury
crossly
worm
edgar
atheling
conduct
moderate
insolence
normans
rising
meeting
adjourn
immediate
adoption
energetic
remedies
bent
hide
tittered
audibly
paused
inclined
winter
circle
exact
shape
placed
shakespeare
calling
despair
pulled
prize
presented
acceptance
elegant
laugh
complained
theirs
ones
patted
begged
promised
c
prosecute
denial
cur
cunning
condemn
death
fifth
undo
insult
growled
quicker
daughter
lose
snappishly
patience
oyster
addressing
pet
magpie
wrapping
canary
bed
various
pretexts
spirited
naturedly
completely
pointed
housemaid
finds
neat
brass
w
engraved
upstairs
lest
fancying
tidy
hoped
pairs
nevertheless
uncorked
lips
whenever
expected
pressing
ceiling
save
kneel
resource
magic
grew
pleasanter
rabbits
fairy
tales
comfort
foolish
inwards
attempt
failure
possible
frame
pronounced
arrum
fills
whispers
coward
shrieks
frames
pulling
rumbling
cartwheels
ladder
lad
tie
rope
loose
nay
shy
fireplace
scratching
scrambling
brandy
choke
ye
flustered
jack
rocket
produced
swallowed
thick
arranged
peering
enormous
feebly
touch
whistle
terribly
spite
whereupon
yelp
rushed
worry
dodged
tumbled
heels
cart
horse
trampled
series
charges
forwards
barking
hoarsely
faint
leant
buttercup
fanned
teaching
tricks
blades
circumstances
languid
shyly
sternly
clearly
sizes
chrysalis
butterfly
irritated
state
promising
swallowing
wait
puffed
bee
incessantly
son
feared
injure
brain
uncommonly
fat
sage
grey
limbs
supple
ointment
shilling
couple
tougher
suet
bones
beak
argued
wife
muscular
strength
jaw
steady
balanced
awfully
airs
altered
contradicted
losing
content
rearing
upright
piteous
crawled
underneath
closely
swallow
morsel
immense
length
rise
stalk
result
curving
graceful
zigzag
dive
tops
hiss
flown
wings
subdued
sob
banks
hedges
pleasing
hatching
weeks
sorry
annoyed
highest
raising
needs
wriggling
invent
deepest
contempt
denying
egg
truthful
adding
raw
nest
crouched
untwist
whoever
frighten
wits
righthand
judging
rapped
knuckles
footmen
powdered
crept
producing
curls
stupidly
knocked
reasons
kettle
knock
uncivil
tomorrow
skimming
grazed
louder
argue
crazy
variations
whistling
desperately
idiotic
smoke
stool
sneezed
occasionally
alternately
hearth
grinning
manners
grins
violence
fix
irons
saucepans
blows
agony
terror
precious
unusually
saucepan
flew
minded
axis
axes
chop
glanced
bother
abide
figures
lullaby
shake
roughly
annoy
teases
howled
enjoy
pleases
flinging
frying
pan
star
snorting
steam
engine
doubling
straightening
tight
prevent
undoing
kill
murder
grunt
expressing
snout
seriously
sobbed
carry
relieved
trot
handsome
seeing
bough
yards
natured
teeth
treated
respect
puss
wider
depends
visit
grant
growls
wags
wag
therefore
growling
happening
hatters
branch
fig
appearing
vanishing
farther
chimneys
thatched
towards
elbows
chair
cutting
severity
raven
desk
ravens
desks
fourth
works
grumbled
gloomily
readily
stays
poured
riddle
slightest
wearily
waste
answers
accounts
terms
mournfully
quarrelled
given
tray
bawled
murdering
mournful
whiles
vote
alarmed
proposal
fellows
elsie
lacie
tillie
interest
eating
drinking
ways
opinion
helped
interrupt
consented
promise
clean
unwillingly
jug
offend
eh
choosing
doze
woke
traps
moon
memory
drawing
rudeness
disgust
teapot
stupidest
leading
today
unlocking
entrance
paint
jogged
blame
deserved
spoken
tulip
onions
flung
brush
unjust
chanced
afore
clubs
oblong
corners
diamonds
merrily
couples
kings
queens
recognised
noticing
velvet
processions
opposite
idiot
rosetree
pattern
backs
glaring
beast
bowing
humble
meanwhile
examining
remaining
execute
protection
pot
marched
evidently
roared
peeping
boxed
laughter
thunder
ridges
furrows
balls
mallets
double
chief
managing
comfortably
straightened
expression
bursting
provoking
act
crawling
ridge
furrow
send
doubled
parts
played
fighting
furious
uneasy
beheading
appearance
nodded
account
someone
fairly
complaining
quarrel
oneself
attends
arch
croqueted
win
finishing
kiss
likes
impertinent
passing
settling
difficulties
screaming
search
engaged
croqueting
helpless
appealed
settle
arguments
weren
prison
arrow
fading
affectionately
pleasant
hopeful
vinegar
sour
camomile
bitter
barley
sweet
stingy
squeezed
closer
uncomfortably
bore
minding
morals
waist
feather
flock
mineral
attended
vegetable
cheap
birthday
dig
worried
died
favourite
linked
tremble
thunderstorm
fair
warning
absence
shade
delay
cost
whom
sentenced
company
pardoned
picture
lazy
leaving
rubbed
chuckled
executes
ledge
rock
pitied
hollow
occasional
exclamation
hjckrrh
calmly
sink
mayn
educations
extras
learned
ours
extra
afford
inquired
reeling
writhing
arithmetic
ambition
distraction
derision
lifted
uglifying
beautify
prettier
uglify
simpleton
encouraged
counting
subjects
flappers
ancient
modern
seaography
conger
fainting
coils
stiff
classics
grief
hid
lessen
eleventh
holiday
twelfth
games
flapper
bone
punching
cheeks
introduced
form
lines
seals
salmon
cleared
jelly
partner
partners
retire
bound
capering
yelled
land
dropping
pretty
forepaws
shingle
askance
thanked
scaly
england
france
beloved
thrown
shiny
blacking
soles
eels
shrimp
anywhere
journey
purpose
impatient
explanations
gained
listeners
sluggard
baked
eyelids
trims
belt
buttons
sands
gay
lark
contemptuous
shark
tide
rises
sharks
tremulous
uncommon
explained
disobey
sharing
crust
gravy
meat
share
treat
boon
permitted
received
fork
banquet
hm
accounting
tastes
rich
tureen
dainties
beauti
ful
panted
faintly
breeze
seated
throne
arrived
standing
chains
soldier
guard
refreshments
pass
justice
wore
frontispiece
comfortable
becoming
rightly
men
indignant
spell
neighbour
muddle
squeaked
juror
herald
accusation
stole
fourteenth
fifteenth
sixteenth
dates
reduced
shillings
pence
hat
stolen
memorandum
fidgeted
spot
encourage
shifting
remain
squeeze
boldly
reasonable
pace
ridiculous
thin
dunce
twinkled
denies
speaker
canvas
bag
tied
strings
newspapers
trials
attempts
applause
understood
lower
officer
folding
collar
shrieked
behead
suppress
ache
fumbled
flurry
tipped
skirt
upsetting
sprawling
reminding
globe
accidentally
dismay
vague
die
cannot
emphasis
haste
downwards
unable
signifies
shock
pencils
diligently
overcome
gazing
respectful
cackled
forty
persons
invented
oldest
handwriting
queerest
imitated
prove
sign